precinct_id,abandoned_vehicle,blocked_driveway,graffiti,illegal_parking,noise___commercial,noise___residential,noise___street/sidewalk,noise___vehicle,sanitation_condition,street_light_condition,disorder_cluster
1,662.0,1705.0,783.0,27252.0,7486.0,10955.0,5701.0,2085.0,142.0,2384.0,0
10,410.0,941.0,406.0,12354.0,3284.0,9538.0,4388.0,2356.0,137.0,1197.0,0
100,1412.0,2750.0,94.0,17911.0,1728.0,7357.0,3771.0,662.0,100.0,2810.0,0
101,2241.0,5326.0,38.0,7717.0,392.0,14171.0,2484.0,875.0,128.0,1305.0,0
102,12657.0,40185.0,1271.0,71153.0,2783.0,30585.0,6891.0,4884.0,534.0,2712.0,1
103,6438.0,21210.0,563.0,22339.0,2048.0,27090.0,11305.0,2636.0,810.0,1702.0,1
104,21196.0,37531.0,882.0,126094.0,7474.0,25682.0,8633.0,3649.0,624.0,5325.0,1
105,8458.0,8588.0,131.0,22446.0,1264.0,14585.0,2084.0,1609.0,446.0,2784.0,0
106,17765.0,30194.0,318.0,47547.0,3288.0,33388.0,6441.0,6859.0,510.0,2980.0,1
107,6383.0,13650.0,535.0,35832.0,458.0,26012.0,2520.0,25921.0,411.0,3196.0,2
108,7073.0,20034.0,1090.0,72404.0,5074.0,18361.0,8349.0,2929.0,253.0,3347.0,1
109,13296.0,39450.0,841.0,62180.0,3344.0,28075.0,10373.0,4214.0,606.0,4539.0,1
110,2368.0,34190.0,1214.0,35235.0,6269.0,28272.0,25789.0,4275.0,223.0,2976.0,1
111,7095.0,7452.0,154.0,32091.0,3193.0,8669.0,1674.0,1323.0,295.0,3609.0,0
112,2374.0,9881.0,584.0,24866.0,3062.0,18339.0,2804.0,2132.0,197.0,2376.0,0
113,10129.0,16016.0,116.0,20441.0,1211.0,21819.0,3427.0,2530.0,699.0,2052.0,1
114,6771.0,33817.0,1786.0,83743.0,19476.0,34326.0,14365.0,6275.0,530.0,3218.0,3
115,3168.0,36549.0,1370.0,45826.0,5307.0,26708.0,10481.0,7472.0,324.0,2272.0,1
116,9015.0,7264.0,153.0,16023.0,709.0,9365.0,2165.0,1587.0,382.0,2276.0,0
120,6649.0,8060.0,529.0,16864.0,2662.0,19785.0,4355.0,2188.0,473.0,4817.0,1
121,5664.0,7454.0,1298.0,17791.0,639.0,11212.0,2107.0,1503.0,519.0,4322.0,1
122,6642.0,5173.0,449.0,18960.0,1592.0,11979.0,1886.0,1667.0,517.0,5385.0,1
123,3885.0,2563.0,1510.0,17099.0,1362.0,6520.0,1485.0,686.0,475.0,3863.0,0
13,396.0,806.0,709.0,10776.0,5710.0,12948.0,7675.0,2191.0,199.0,1308.0,0
14,267.0,1087.0,309.0,11235.0,2572.0,6870.0,5935.0,1079.0,90.0,830.0,0
17,284.0,704.0,487.0,10132.0,2004.0,5870.0,3209.0,1958.0,108.0,1050.0,0
18,644.0,1864.0,583.0,23920.0,6086.0,9047.0,7861.0,6507.0,184.0,1752.0,0
19,1208.0,2320.0,661.0,25600.0,5947.0,14549.0,6599.0,2950.0,200.0,2695.0,0
20,701.0,818.0,230.0,17686.0,3353.0,7710.0,5089.0,1668.0,167.0,1408.0,0
22,17.0,16.0,10.0,832.0,56.0,52.0,578.0,76.0,4.0,1899.0,0
23,529.0,1321.0,470.0,6706.0,1888.0,21305.0,13851.0,1604.0,48.0,1142.0,0
24,726.0,481.0,462.0,14046.0,2165.0,17491.0,10909.0,3032.0,91.0,1261.0,0
25,799.0,1123.0,210.0,8702.0,1536.0,12836.0,9751.0,2236.0,121.0,1768.0,0
26,413.0,523.0,220.0,11048.0,1099.0,6508.0,4660.0,916.0,43.0,1291.0,0
28,723.0,850.0,379.0,15828.0,4359.0,17996.0,21235.0,2829.0,139.0,1204.0,0
30,821.0,1181.0,1104.0,14340.0,5328.0,31752.0,28287.0,3329.0,68.0,1023.0,0
32,1249.0,1718.0,283.0,12397.0,6368.0,37263.0,19778.0,2710.0,131.0,977.0,0
33,1399.0,691.0,349.0,18065.0,4590.0,21466.0,33525.0,7328.0,78.0,1095.0,2
34,1966.0,2215.0,458.0,35014.0,7941.0,35765.0,50292.0,16910.0,156.0,2238.0,2
40,1860.0,6535.0,912.0,20906.0,2919.0,31184.0,14693.0,4021.0,232.0,2280.0,0
41,1114.0,4677.0,379.0,10771.0,1671.0,13453.0,7921.0,2873.0,272.0,1993.0,0
42,1542.0,8773.0,379.0,15803.0,2416.0,41834.0,25791.0,4077.0,209.0,2083.0,0
43,4892.0,17943.0,1109.0,38191.0,5519.0,43352.0,20275.0,5999.0,341.0,5607.0,1
44,2829.0,8380.0,628.0,35254.0,4845.0,45032.0,45771.0,15423.0,243.0,2917.0,2
45,9138.0,12104.0,488.0,39589.0,2892.0,17984.0,5176.0,2287.0,308.0,8254.0,1
46,1924.0,10549.0,825.0,27695.0,5189.0,43210.0,38502.0,15380.0,283.0,2029.0,2
47,8848.0,28848.0,722.0,45194.0,4964.0,353854.0,8611.0,4012.0,818.0,5629.0,1
48,1877.0,7379.0,653.0,11648.0,5399.0,29640.0,14532.0,4162.0,291.0,2456.0,0
49,6388.0,17455.0,828.0,36276.0,2399.0,32930.0,8013.0,3029.0,267.0,5267.0,1
5,308.0,760.0,3370.0,12953.0,7305.0,7896.0,7082.0,1946.0,167.0,1570.0,3
50,3531.0,8981.0,280.0,63382.0,1952.0,27666.0,16248.0,5210.0,191.0,4540.0,1
52,2016.0,11667.0,1189.0,41521.0,3132.0,53813.0,30543.0,8500.0,234.0,2718.0,2
6,485.0,594.0,855.0,8329.0,7622.0,9304.0,9968.0,2310.0,181.0,1482.0,0
60,1968.0,9736.0,662.0,29012.0,949.0,19145.0,4805.0,1042.0,193.0,1716.0,0
61,10708.0,25460.0,1694.0,58740.0,3372.0,23791.0,4734.0,2070.0,546.0,3191.0,1
62,4353.0,34576.0,2627.0,88939.0,3382.0,24530.0,3342.0,1896.0,472.0,2751.0,1
63,10534.0,15428.0,506.0,32587.0,1711.0,11769.0,2760.0,1088.0,434.0,2441.0,1
66,5570.0,20391.0,1670.0,49960.0,1772.0,14566.0,7620.0,3602.0,646.0,2702.0,1
67,5016.0,26394.0,949.0,26138.0,4501.0,34702.0,9476.0,3397.0,600.0,2193.0,1
68,3438.0,17951.0,1446.0,64644.0,3337.0,14649.0,3861.0,2327.0,370.0,3239.0,1
69,2252.0,12865.0,155.0,13843.0,1115.0,10774.0,2156.0,890.0,352.0,1229.0,0
7,432.0,807.0,3200.0,12555.0,8895.0,15027.0,7846.0,2876.0,84.0,982.0,3
70,4046.0,20069.0,1001.0,47805.0,3264.0,34034.0,13766.0,4844.0,419.0,2441.0,1
71,3214.0,9482.0,687.0,23756.0,5200.0,26665.0,14207.0,4396.0,295.0,2323.0,0
72,2885.0,13361.0,4096.0,38787.0,4682.0,12668.0,7484.0,3007.0,403.0,2975.0,3
73,2218.0,8901.0,881.0,13779.0,1314.0,25267.0,7796.0,3131.0,360.0,1748.0,0
75,29730.0,36482.0,1634.0,67149.0,5248.0,45115.0,14377.0,6085.0,1280.0,3906.0,1
76,1410.0,3327.0,578.0,33192.0,2154.0,6370.0,3485.0,806.0,172.0,1107.0,0
77,2598.0,7944.0,1024.0,28361.0,5639.0,24317.0,11603.0,2894.0,283.0,1644.0,0
78,1821.0,4941.0,1040.0,49947.0,4144.0,6401.0,4725.0,1843.0,231.0,1739.0,0
79,2512.0,6682.0,1582.0,20616.0,5668.0,24478.0,12647.0,3498.0,474.0,1509.0,0
81,2136.0,5617.0,1153.0,14897.0,3353.0,20789.0,6151.0,1682.0,375.0,1103.0,0
83,2932.0,17755.0,4250.0,25947.0,14021.0,35601.0,21892.0,7866.0,335.0,1559.0,3
84,1928.0,3127.0,458.0,73518.0,2843.0,20839.0,6064.0,2753.0,102.0,1867.0,0
88,1453.0,4023.0,610.0,47550.0,3255.0,9992.0,6387.0,2078.0,182.0,1100.0,0
9,683.0,1203.0,2281.0,12269.0,10251.0,23813.0,14306.0,2412.0,192.0,1079.0,3
90,2452.0,8672.0,7017.0,23168.0,13965.0,25879.0,14599.0,4767.0,385.0,2215.0,3
94,2432.0,8986.0,5625.0,44592.0,11656.0,14711.0,7852.0,3048.0,299.0,1481.0,3
